business_type,rated,rating_5,rating_4,rating_3,rating_2,rating_1,rating_0,share_rated_5_pct
Restaurant/Cafe/Canteen,309,276,28,3,1,1,0,89.3
Retailers - other,128,99,22,6,0,1,0,77.3
Other catering premises,118,114,4,0,0,0,0,96.6
Takeaway/sandwich shop,95,72,19,4,0,0,0,75.8
Pub/bar/nightclub,91,82,8,1,0,0,0,90.1
Hospitals/Childcare/Caring Premises,82,81,0,1,0,0,0,98.8
School/college/university,64,63,1,0,0,0,0,98.4
Mobile caterer,48,48,0,0,0,0,0,100.0
Retailers - supermarkets/hypermarkets,37,33,3,0,0,1,0,89.2
Manufacturers/packers,24,23,1,0,0,0,0,95.8
Hotel/bed & breakfast/guest house,21,19,2,0,0,0,0,90.5
Farmers/growers,2,2,0,0,0,0,0,100.0
Distributors/Transporters,1,1,0,0,0,0,0,100.0
