year,resident_median_full_time_pay_gbp,price_limit_gbp,sales,sales_within_reach,share_within_reach_pct,median_sale_price_gbp,flat_share_within_reach_pct,terraced_share_within_reach_pct,semi_detached_share_within_reach_pct,detached_share_within_reach_pct
2008,27052,121734,2208,257,11.6,200000,29.6,10.0,5.1,1.0
2009,28262,127179,2529,348,13.8,187000,40.0,13.6,7.4,0.7
2010,27273,122728,2526,247,9.8,219997,31.0,11.1,4.1,0.9
2011,27020,121590,2324,259,11.1,210000,36.9,12.1,4.5,0.9
2012,28417,127876,2370,282,11.9,215000,39.2,10.8,4.5,0.2
2013,29645,133402,3006,384,12.8,220000,42.3,13.1,5.4,0.1
2014,29045,130702,3739,427,11.4,235000,36.0,7.4,4.0,0.1
2015,29804,134118,3687,366,9.9,242000,33.6,5.5,2.2,0.6
2016,28264,127188,3978,302,7.6,256050,28.7,3.1,0.7,0.0
2017,29365,132142,3819,216,5.7,276000,22.5,2.5,0.6,0.0
2018,29861,134374,3654,204,5.6,289000,20.9,2.9,1.1,0.0
2019,33209,149440,3205,297,9.3,285995,31.5,6.1,3.9,0.0
2020,33694,151623,2941,238,8.1,307500,35.6,4.0,2.5,0.0
2021,34095,153428,4331,322,7.4,320000,26.1,3.5,1.4,0.0
2022,38064,171288,3404,367,10.8,335000,32.3,6.0,3.1,0.0
2023,36589,164650,2725,248,9.1,332000,30.9,3.9,2.1,0.2
2024,40010,180045,3005,313,10.4,340000,38.4,5.2,1.3,0.0
2025,41399,186296,3338,380,11.4,339000,42.6,6.5,2.2,0.1
