name,type,overall_rating,report_published,cqc_url
The Granleys,residential home,Good,2017-09-28,https://www.cqc.org.uk/location/1-138901716
Thirlestaine Park Care Home,nursing home,Good,2018-01-13,https://www.cqc.org.uk/location/1-1919525815
Knightsbridge Lodge,residential home,Good,2018-02-28,https://www.cqc.org.uk/location/1-1026224214
Beechcroft - Cheltenham,residential home,Good,2018-05-15,https://www.cqc.org.uk/location/1-2847288176
Windsor Street Care Centre,nursing home,Good,2018-05-16,https://www.cqc.org.uk/location/1-723347537
Monkscroft Care Centre,nursing home,Outstanding,2018-07-05,https://www.cqc.org.uk/location/1-451476070
Faithfull House,residential home,Good,2018-07-24,https://www.cqc.org.uk/location/1-130490622
Ravenswood House,residential home,Good,2019-01-08,https://www.cqc.org.uk/location/1-414375677
Bay Tree Court Care Centre,residential home,Good,2019-02-05,https://www.cqc.org.uk/location/1-14316247051
Bredon View,residential home,Good,2019-02-08,https://www.cqc.org.uk/location/1-122110107
St Faith's Nursing Home,nursing home,Good,2019-09-25,https://www.cqc.org.uk/location/1-130490637
The Vicarage,residential home,Good,2019-11-15,https://www.cqc.org.uk/location/1-115336828
Alexander House Care Home - Cheltenham,residential home,Good,2019-12-18,https://www.cqc.org.uk/location/1-112309865
Orchard Leigh,residential home,Good,2020-01-08,https://www.cqc.org.uk/location/1-129459945
Oakhaven Residential Care Home,residential home,Outstanding,2020-05-01,https://www.cqc.org.uk/location/1-123788035
CareTech Community Services Limited - 15 Brooklyn Road,residential home,Good,2020-11-04,https://www.cqc.org.uk/location/1-133435604
Edwardstow Court Care Centre,residential home,Good,2021-12-02,https://www.cqc.org.uk/location/1-4878132852
Badgeworth Court Care Centre,nursing home,Outstanding,2022-07-23,https://www.cqc.org.uk/location/1-125862274
Whittington House Nursing Home,nursing home,Good,2022-11-11,https://www.cqc.org.uk/location/1-948485961
Sandfields,nursing home,Good,2023-02-08,https://www.cqc.org.uk/location/1-19896801053
Northleach Court Care Home,nursing home,Good,2023-02-28,https://www.cqc.org.uk/location/1-6184261342
The Hamptons,residential home,Good,2023-03-04,https://www.cqc.org.uk/location/1-108741211
The Knole,residential home,Good,2023-03-04,https://www.cqc.org.uk/location/1-442981675
Charlton Kings Care Home,residential home,Good,2023-03-23,https://www.cqc.org.uk/location/1-2897246286
Richmond Village Cheltenham,nursing home,Good,2023-05-19,https://www.cqc.org.uk/location/1-8379263850
Newlands Nursing Care Centre,nursing home,Good,2023-05-27,https://www.cqc.org.uk/location/1-139185447
Bafford House,residential home,Requires improvement,2023-07-28,https://www.cqc.org.uk/location/1-11601666215
Jubilee Lodge,nursing home,Requires improvement,2023-08-03,https://www.cqc.org.uk/location/1-448741065
Queensbridge House,residential home,Requires improvement,2024-11-18,https://www.cqc.org.uk/location/1-121047648
Royal Court,residential home,Good,2025-11-19,https://www.cqc.org.uk/location/1-2869231168
Ambleside,residential home,Requires improvement,2026-05-20,https://www.cqc.org.uk/location/1-137768877
Crofton Springs,residential home,Good,2026-05-22,https://www.cqc.org.uk/location/1-19886026946
Wentworth Court Care Home,nursing home,Requires improvement,2026-05-22,https://www.cqc.org.uk/location/1-1955636004
Lilleybrook Care Home,nursing home,Requires improvement,2026-08-05,https://www.cqc.org.uk/location/1-983777097
Nazareth House - Cheltenham,residential home,Requires improvement,2026-08-06,https://www.cqc.org.uk/location/1-403200219
Gloucestershire House - Care Home with Nursing Physical Disabilities,nursing home,Requires improvement,2026-09-08,https://www.cqc.org.uk/location/1-120087914
Chargrove Lawn,residential home,Good,2026-09-14,https://www.cqc.org.uk/location/1-122110079
Bradbury Gardens,nursing home,Good,2026-09-23,https://www.cqc.org.uk/location/1-2148821492
National Star College - Ullenwood,nursing home,Outstanding,2026-09-23,https://www.cqc.org.uk/location/1-139161062
Bishop's Cleeve Care Home,nursing home,Requires improvement,2026-10-01,https://www.cqc.org.uk/location/1-12200055399
Dalkeith,residential home,Good,2026-10-01,https://www.cqc.org.uk/location/1-840613286
