month,attendances,seen_within_4_hours_pct,waits_over_12_hours_from_decision_to_admit,emergency_admissions
2023-10,13115,57.1,907,4409
2023-11,12452,57.8,912,4527
2023-12,12106,59.3,905,4660
2024-01,12220,56.3,974,4590
2024-02,12040,56.4,934,4472
2024-03,12985,58.0,847,4559
2024-04,12540,58.8,859,4534
2024-05,13552,58.5,698,4522
2024-06,12855,58.6,676,4380
2024-07,12841,63.1,456,4846
2024-08,12595,62.9,394,4539
2024-09,12548,61.2,407,4583
2024-10,13329,60.9,597,4973
2024-11,13297,62.0,403,4942
2024-12,13793,61.1,536,4868
2025-01,12378,62.8,569,5043
2025-02,11727,60.6,423,4614
2025-03,13769,60.7,459,5111
2025-04,13358,60.8,461,5262
2025-05,14097,62.7,395,5596
2025-06,13791,63.1,223,5412
2025-07,14168,62.1,202,5675
2025-08,13700,60.9,221,5492
2025-09,14045,62.8,281,5601
2025-10,14320,62.9,348,6029
2025-11,13819,64.2,389,5507
2025-12,13525,64.1,414,5655
2026-01,13631,60.3,543,6069
2026-02,12330,62.7,510,5272
2026-03,14347,64.6,489,5998
2026-04,13819,64.9,487,5462
2026-05,14498,63.9,539,5588
2026-06,14616,62.3,472,5511
2026-07,15056,66.4,197,5670
2026-08,14185,64.8,333,5159
2026-09,14773,61.8,454,5446
